typeCode,freqCode,refPeriodId,refYear,refMonth,period,reporterCode,reporterISO,reporterDesc,flowCode,flowDesc,partnerCode,partnerISO,partnerDesc,partner2Code,partner2ISO,partner2Desc,classificationCode,classificationSearchCode,isOriginalClassification,cmdCode,cmdDesc,aggrLevel,isLeaf,customsCode,customsDesc,mosCode,motCode,motDesc,qtyUnitCode,qtyUnitAbbr,qty,isQtyEstimated,altQtyUnitCode,altQtyUnitAbbr,altQty,isAltQtyEstimated,netWgt,isNetWgtEstimated,grossWgt,isGrossWgtEstimated,cifvalue,fobvalue,primaryValue,legacyEstimationFlag,isReported,isAggregate
"C","A","20170101","2017","52","2017","842","USA","USA","M","Import","156","CHN","China","0","W00","World","H5","HS","true","2709","Petroleum oils and oils obtained from bituminous minerals; crude","4","false","C00","TOTAL CPC","0","0","TOTAL MOT","8","kg","79622.026","true","-1","N/A","0","false","79622.026","true","0","false","31959","0","31959","6","false","true",
"C","A","20170101","2017","52","2017","842","USA","USA","X","Export","156","CHN","China","0","W00","World","H5","HS","true","2709","Petroleum oils and oils obtained from bituminous minerals; crude","4","false","C00","TOTAL CPC","0","0","TOTAL MOT","8","kg","11737132072.737","true","-1","N/A","0","false","11737132072.737","true","0","false","0","4378735544","4378735544","6","false","true",
"C","A","20170101","2017","52","2017","842","USA","USA","M","Import","156","CHN","China","0","W00","World","H5","HS","true","2711","Petroleum gases and other gaseous hydrocarbons","4","false","C00","TOTAL CPC","0","0","TOTAL MOT","8","kg","3089775.761","true","-1","N/A","0","false","3089775.761","true","0","false","1522782","0","1522782","6","false","true",
"C","A","20170101","2017","52","2017","842","USA","USA","X","Export","156","CHN","China","0","W00","World","H5","HS","true","2711","Petroleum gases and other gaseous hydrocarbons","4","false","C00","TOTAL CPC","0","0","TOTAL MOT","8","kg","5569761280.21","true","-1","N/A","0","false","5569761280.21","true","0","false","0","2359079106","2359079106","6","false","true",
"C","A","20170101","2017","52","2017","842","USA","USA","M","Import","156","CHN","China","0","W00","World","H5","HS","true","2805","Alkali or alkaline-earth metals; rare-earth metals, scandium and yttrium, whether or not intermixed or interalloyed; mercury","4","false","C00","TOTAL CPC","0","0","TOTAL MOT","8","kg","12591299","false","-1","N/A","0","false","12591299","false","0","false","33484637","0","33484637","0","false","true",
"C","A","20170101","2017","52","2017","842","USA","USA","X","Export","156","CHN","China","0","W00","World","H5","HS","true","2805","Alkali or alkaline-earth metals; rare-earth metals, scandium and yttrium, whether or not intermixed or interalloyed; mercury","4","false","C00","TOTAL CPC","0","0","TOTAL MOT","8","kg","1279879","false","-1","N/A","0","false","1279879","false","0","false","0","20549944","20549944","0","false","true",
"C","A","20170101","2017","52","2017","842","USA","USA","M","Import","156","CHN","China","0","W00","World","H5","HS","true","2846","Compounds, inorganic or organic, of rare-earth metals; of yttrium or of scandium or of mixtures of these metals","4","false","C00","TOTAL CPC","0","0","TOTAL MOT","8","kg","14226550","false","-1","N/A","0","false","14226550","false","0","false","73820173","0","73820173","0","false","true",
"C","A","20170101","2017","52","2017","842","USA","USA","X","Export","156","CHN","China","0","W00","World","H5","HS","true","2846","Compounds, inorganic or organic, of rare-earth metals; of yttrium or of scandium or of mixtures of these metals","4","false","C00","TOTAL CPC","0","0","TOTAL MOT","8","kg","1970037","false","-1","N/A","0","false","1970037","false","0","false","0","5618423","5618423","0","false","true",
"C","A","20170101","2017","52","2017","842","USA","USA","M","Import","156","CHN","China","0","W00","World","H5","HS","true","8505","Electro-magnets; permanent magnets, intended permanent magnets; electro-magnetic, permanent magnet chucks, clamps, similar; electromagnetic couplings, clutches, brakes; electro-magnetic lifting heads","4","false","C00","TOTAL CPC","0","0","TOTAL MOT","8","kg","18265447.211","true","-1","N/A","0","false","18265447.211","true","0","false","427410053","0","427410053","6","false","true",
"C","A","20170101","2017","52","2017","842","USA","USA","X","Export","156","CHN","China","0","W00","World","H5","HS","true","8505","Electro-magnets; permanent magnets, intended permanent magnets; electro-magnetic, permanent magnet chucks, clamps, similar; electromagnetic couplings, clutches, brakes; electro-magnetic lifting heads","4","false","C00","TOTAL CPC","0","0","TOTAL MOT","8","kg","977375.337","true","-1","N/A","0","false","977375.337","true","0","false","0","31745633","31745633","6","false","true",
"C","A","20170101","2017","52","2017","842","USA","USA","M","Import","156","CHN","China","0","W00","World","H5","HS","true","8507","Electric accumulators, including separators therefor; whether or not rectangular (including square)","4","false","C00","TOTAL CPC","0","0","TOTAL MOT","-1","N/A","0","true","-1","N/A","0","false","154111563.078","true","0","false","1735230578","0","1735230578","6","false","true",
"C","A","20170101","2017","52","2017","842","USA","USA","X","Export","156","CHN","China","0","W00","World","H5","HS","true","8507","Electric accumulators, including separators therefor; whether or not rectangular (including square)","4","false","C00","TOTAL CPC","0","0","TOTAL MOT","-1","N/A","0","true","-1","N/A","0","false","17914198.427","true","0","false","0","119129912","119129912","6","false","true",
"C","A","20170101","2017","52","2017","842","USA","USA","M","Import","156","CHN","China","0","W00","World","H5","HS","true","8518","Microphones and their stands; loudspeakers, mounted or not in their enclosures; headphones and earphones, combined or not with a microphone, and sets of a microphone and one or more loudspeakers; audio frequency and electric sound amplifiers and sets","4","false","C00","TOTAL CPC","0","0","TOTAL MOT","-1","N/A","0","true","-1","N/A","0","false","104454116.558","true","0","false","3231026907","0","3231026907","6","false","true",
"C","A","20170101","2017","52","2017","842","USA","USA","X","Export","156","CHN","China","0","W00","World","H5","HS","true","8518","Microphones and their stands; loudspeakers, mounted or not in their enclosures; headphones and earphones, combined or not with a microphone, and sets of a microphone and one or more loudspeakers; audio frequency and electric sound amplifiers and sets","4","false","C00","TOTAL CPC","0","0","TOTAL MOT","-1","N/A","0","true","-1","N/A","0","false","2111160.662","true","0","false","0","91206010","91206010","6","false","true",
"C","A","20170101","2017","52","2017","842","USA","USA","M","Import","156","CHN","China","0","W00","World","H5","HS","true","8528","Monitors and projectors, not incorporating television reception apparatus; reception apparatus for television, whether or not incorporating radio-broadcast receivers or sound or video recording or reproducing apparatus","4","false","C00","TOTAL CPC","0","0","TOTAL MOT","5","u","77530572","false","-1","N/A","0","false","283628031.702","true","0","false","11671102912","0","11671102912","4","false","true",
"C","A","20170101","2017","52","2017","842","USA","USA","X","Export","156","CHN","China","0","W00","World","H5","HS","true","8528","Monitors and projectors, not incorporating television reception apparatus; reception apparatus for television, whether or not incorporating radio-broadcast receivers or sound or video recording or reproducing apparatus","4","false","C00","TOTAL CPC","0","0","TOTAL MOT","5","u","169994","false","-1","N/A","0","false","882450.777","true","0","false","0","73874840","73874840","4","false","true",
"C","A","20170101","2017","52","2017","842","USA","USA","M","Import","156","CHN","China","0","W00","World","H5","HS","true","8708","Motor vehicles; parts and accessories, of heading no. 8701 to 8705","4","false","C00","TOTAL CPC","0","0","TOTAL MOT","8","kg","1216237238.748","true","-1","N/A","0","false","1216237238.748","true","0","false","9929553943","0","9929553943","6","false","true",
"C","A","20170101","2017","52","2017","842","USA","USA","X","Export","156","CHN","China","0","W00","World","H5","HS","true","8708","Motor vehicles; parts and accessories, of heading no. 8701 to 8705","4","false","C00","TOTAL CPC","0","0","TOTAL MOT","8","kg","184171636.737","true","-1","N/A","0","false","184171636.737","true","0","false","0","2330142028","2330142028","6","false","true",
"C","A","20170101","2017","52","2017","842","USA","USA","M","Import","156","CHN","China","0","W00","World","H5","HS","true","9018","Instruments and appliances used in medical, surgical, dental or veterinary sciences, including scintigraphic apparatus, other electro-medical apparatus and sight testing instruments","4","false","C00","TOTAL CPC","0","0","TOTAL MOT","-1","N/A","0","true","-1","N/A","0","false","13678471.018","true","0","false","1656421769","0","1656421769","6","false","true",
"C","A","20170101","2017","52","2017","842","USA","USA","X","Export","156","CHN","China","0","W00","World","H5","HS","true","9018","Instruments and appliances used in medical, surgical, dental or veterinary sciences, including scintigraphic apparatus, other electro-medical apparatus and sight testing instruments","4","false","C00","TOTAL CPC","0","0","TOTAL MOT","-1","N/A","0","true","-1","N/A","0","false","17032801.737","true","0","false","0","2443888683","2443888683","6","false","true",
"C","A","20180101","2018","52","2018","842","USA","USA","X","Export","156","CHN","China","0","W00","World","H5","HS","true","2709","Petroleum oils and oils obtained from bituminous minerals; crude","4","false","C00","TOTAL CPC","0","0","TOTAL MOT","8","kg","11177079954.363","true","-1","N/A","0","false","11177079954.363","true","0","false","0","5430626753","5430626753","6","false","true",
"C","A","20180101","2018","52","2018","842","USA","USA","M","Import","156","CHN","China","0","W00","World","H5","HS","true","2711","Petroleum gases and other gaseous hydrocarbons","4","false","C00","TOTAL CPC","0","0","TOTAL MOT","8","kg","2688592.056","true","-1","N/A","0","false","2688592.056","true","0","false","1702652","0","1702652","6","false","true",
"C","A","20180101","2018","52","2018","842","USA","USA","X","Export","156","CHN","China","0","W00","World","H5","HS","true","2711","Petroleum gases and other gaseous hydrocarbons","4","false","C00","TOTAL CPC","0","0","TOTAL MOT","8","kg","3037142854.434","true","-1","N/A","0","false","3037142854.434","true","0","false","0","1639483248","1639483248","6","false","true",
"C","A","20180101","2018","52","2018","842","USA","USA","M","Import","156","CHN","China","0","W00","World","H5","HS","true","2805","Alkali or alkaline-earth metals; rare-earth metals, scandium and yttrium, whether or not intermixed or interalloyed; mercury","4","false","C00","TOTAL CPC","0","0","TOTAL MOT","8","kg","15457019.528","true","-1","N/A","0","false","15457019.528","true","0","false","45233862","0","45233862","6","false","true",
"C","A","20180101","2018","52","2018","842","USA","USA","X","Export","156","CHN","China","0","W00","World","H5","HS","true","2805","Alkali or alkaline-earth metals; rare-earth metals, scandium and yttrium, whether or not intermixed or interalloyed; mercury","4","false","C00","TOTAL CPC","0","0","TOTAL MOT","8","kg","2285620","false","-1","N/A","0","false","2285620","false","0","false","0","39444022","39444022","0","false","true",
"C","A","20180101","2018","52","2018","842","USA","USA","M","Import","156","CHN","China","0","W00","World","H5","HS","true","2846","Compounds, inorganic or organic, of rare-earth metals; of yttrium or of scandium or of mixtures of these metals","4","false","C00","TOTAL CPC","0","0","TOTAL MOT","8","kg","13646055","false","-1","N/A","0","false","13646055","false","0","false","87294764","0","87294764","0","false","true",
"C","A","20180101","2018","52","2018","842","USA","USA","X","Export","156","CHN","China","0","W00","World","H5","HS","true","2846","Compounds, inorganic or organic, of rare-earth metals; of yttrium or of scandium or of mixtures of these metals","4","false","C00","TOTAL CPC","0","0","TOTAL MOT","8","kg","32637652","false","-1","N/A","0","false","32637652","false","0","false","0","72796068","72796068","0","false","true",
"C","A","20180101","2018","52","2018","842","USA","USA","M","Import","156","CHN","China","0","W00","World","H5","HS","true","8505","Electro-magnets; permanent magnets, intended permanent magnets; electro-magnetic, permanent magnet chucks, clamps, similar; electromagnetic couplings, clutches, brakes; electro-magnetic lifting heads","4","false","C00","TOTAL CPC","0","0","TOTAL MOT","8","kg","19956808.78","true","-1","N/A","0","false","19956808.78","true","0","false","496023740","0","496023740","6","false","true",
"C","A","20180101","2018","52","2018","842","USA","USA","X","Export","156","CHN","China","0","W00","World","H5","HS","true","8505","Electro-magnets; permanent magnets, intended permanent magnets; electro-magnetic, permanent magnet chucks, clamps, similar; electromagnetic couplings, clutches, brakes; electro-magnetic lifting heads","4","false","C00","TOTAL CPC","0","0","TOTAL MOT","8","kg","779134.289","true","-1","N/A","0","false","779134.289","true","0","false","0","29581816","29581816","6","false","true",
"C","A","20180101","2018","52","2018","842","USA","USA","M","Import","156","CHN","China","0","W00","World","H5","HS","true","8507","Electric accumulators, including separators therefor; whether or not rectangular (including square)","4","false","C00","TOTAL CPC","0","0","TOTAL MOT","-1","N/A","0","true","-1","N/A","0","false","171592252.681","true","0","false","2244667239","0","2244667239","6","false","true",
"C","A","20180101","2018","52","2018","842","USA","USA","X","Export","156","CHN","China","0","W00","World","H5","HS","true","8507","Electric accumulators, including separators therefor; whether or not rectangular (including square)","4","false","C00","TOTAL CPC","0","0","TOTAL MOT","-1","N/A","0","true","-1","N/A","0","false","21062301.592","true","0","false","0","145350148","145350148","6","false","true",
"C","A","20180101","2018","52","2018","842","USA","USA","M","Import","156","CHN","China","0","W00","World","H5","HS","true","8518","Microphones and their stands; loudspeakers, mounted or not in their enclosures; headphones and earphones, combined or not with a microphone, and sets of a microphone and one or more loudspeakers; audio frequency and electric sound amplifiers and sets","4","false","C00","TOTAL CPC","0","0","TOTAL MOT","-1","N/A","0","true","-1","N/A","0","false","98032922.345","true","0","false","3595502087","0","3595502087","6","false","true",
"C","A","20180101","2018","52","2018","842","USA","USA","X","Export","156","CHN","China","0","W00","World","H5","HS","true","8518","Microphones and their stands; loudspeakers, mounted or not in their enclosures; headphones and earphones, combined or not with a microphone, and sets of a microphone and one or more loudspeakers; audio frequency and electric sound amplifiers and sets","4","false","C00","TOTAL CPC","0","0","TOTAL MOT","-1","N/A","0","true","-1","N/A","0","false","2096091.89","true","0","false","0","102967071","102967071","6","false","true",
"C","A","20180101","2018","52","2018","842","USA","USA","M","Import","156","CHN","China","0","W00","World","H5","HS","true","8528","Monitors and projectors, not incorporating television reception apparatus; reception apparatus for television, whether or not incorporating radio-broadcast receivers or sound or video recording or reproducing apparatus","4","false","C00","TOTAL CPC","0","0","TOTAL MOT","5","u","86543607","false","-1","N/A","0","false","293574431.553","true","0","false","12706981029","0","12706981029","4","false","true",
"C","A","20180101","2018","52","2018","842","USA","USA","X","Export","156","CHN","China","0","W00","World","H5","HS","true","8528","Monitors and projectors, not incorporating television reception apparatus; reception apparatus for television, whether or not incorporating radio-broadcast receivers or sound or video recording or reproducing apparatus","4","false","C00","TOTAL CPC","0","0","TOTAL MOT","5","u","169876","false","-1","N/A","0","false","1005953.688","true","0","false","0","75065012","75065012","4","false","true",
"C","A","20180101","2018","52","2018","842","USA","USA","M","Import","156","CHN","China","0","W00","World","H5","HS","true","8708","Motor vehicles; parts and accessories, of heading no. 8701 to 8705","4","false","C00","TOTAL CPC","0","0","TOTAL MOT","8","kg","1354593293.268","true","-1","N/A","0","false","1354593293.268","true","0","false","11624547825","0","11624547825","6","false","true",
"C","A","20180101","2018","52","2018","842","USA","USA","X","Export","156","CHN","China","0","W00","World","H5","HS","true","8708","Motor vehicles; parts and accessories, of heading no. 8701 to 8705","4","false","C00","TOTAL CPC","0","0","TOTAL MOT","8","kg","174816345.818","true","-1","N/A","0","false","174816345.818","true","0","false","0","2411994755","2411994755","6","false","true",
"C","A","20180101","2018","52","2018","842","USA","USA","M","Import","156","CHN","China","0","W00","World","H5","HS","true","9018","Instruments and appliances used in medical, surgical, dental or veterinary sciences, including scintigraphic apparatus, other electro-medical apparatus and sight testing instruments","4","false","C00","TOTAL CPC","0","0","TOTAL MOT","-1","N/A","0","true","-1","N/A","0","false","13588785.116","true","0","false","1742383524","0","1742383524","6","false","true",
"C","A","20180101","2018","52","2018","842","USA","USA","X","Export","156","CHN","China","0","W00","World","H5","HS","true","9018","Instruments and appliances used in medical, surgical, dental or veterinary sciences, including scintigraphic apparatus, other electro-medical apparatus and sight testing instruments","4","false","C00","TOTAL CPC","0","0","TOTAL MOT","-1","N/A","0","true","-1","N/A","0","false","17602607.212","true","0","false","0","2786679691","2786679691","6","false","true",
"C","A","20190101","2019","52","2019","842","USA","USA","X","Export","156","CHN","China","0","W00","World","H5","HS","true","2709","Petroleum oils and oils obtained from bituminous minerals; crude","4","false","C00","TOTAL CPC","0","0","TOTAL MOT","8","kg","6194117016.981","true","-1","N/A","0","false","6194117016.981","true","0","false","0","2901414113","2901414113","6","false","true",
"C","A","20190101","2019","52","2019","842","USA","USA","M","Import","156","CHN","China","0","W00","World","H5","HS","true","2711","Petroleum gases and other gaseous hydrocarbons","4","false","C00","TOTAL CPC","0","0","TOTAL MOT","8","kg","1673247.633","true","-1","N/A","0","false","1673247.633","true","0","false","904535","832571","904535","6","false","true",
"C","A","20190101","2019","52","2019","842","USA","USA","X","Export","156","CHN","China","0","W00","World","H5","HS","true","2711","Petroleum gases and other gaseous hydrocarbons","4","false","C00","TOTAL CPC","0","0","TOTAL MOT","8","kg","395328787.628","true","-1","N/A","0","false","395328787.628","true","0","false","0","160924308","160924308","6","false","true",
"C","A","20190101","2019","52","2019","842","USA","USA","M","Import","156","CHN","China","0","W00","World","H5","HS","true","2805","Alkali or alkaline-earth metals; rare-earth metals, scandium and yttrium, whether or not intermixed or interalloyed; mercury","4","false","C00","TOTAL CPC","0","0","TOTAL MOT","8","kg","13460974","false","-1","N/A","0","false","13460974","false","0","false","31892222","30176957","31892222","0","false","true",
"C","A","20190101","2019","52","2019","842","USA","USA","X","Export","156","CHN","China","0","W00","World","H5","HS","true","2805","Alkali or alkaline-earth metals; rare-earth metals, scandium and yttrium, whether or not intermixed or interalloyed; mercury","4","false","C00","TOTAL CPC","0","0","TOTAL MOT","8","kg","685464","false","-1","N/A","0","false","685464","false","0","false","0","13440389","13440389","0","false","true",
"C","A","20190101","2019","52","2019","842","USA","USA","M","Import","156","CHN","China","0","W00","World","H5","HS","true","2846","Compounds, inorganic or organic, of rare-earth metals; of yttrium or of scandium or of mixtures of these metals","4","false","C00","TOTAL CPC","0","0","TOTAL MOT","8","kg","15750356","false","-1","N/A","0","false","15750356","false","0","false","86284935","84268962","86284935","0","false","true",
"C","A","20190101","2019","52","2019","842","USA","USA","X","Export","156","CHN","China","0","W00","World","H5","HS","true","2846","Compounds, inorganic or organic, of rare-earth metals; of yttrium or of scandium or of mixtures of these metals","4","false","C00","TOTAL CPC","0","0","TOTAL MOT","8","kg","46011830","false","-1","N/A","0","false","46011830","false","0","false","0","67288680","67288680","0","false","true",
"C","A","20190101","2019","52","2019","842","USA","USA","M","Import","156","CHN","China","0","W00","World","H5","HS","true","8505","Electro-magnets; permanent magnets, intended permanent magnets; electro-magnetic, permanent magnet chucks, clamps, similar; electromagnetic couplings, clutches, brakes; electro-magnetic lifting heads","4","false","C00","TOTAL CPC","0","0","TOTAL MOT","8","kg","25694366.492","true","-1","N/A","0","false","25694366.492","true","0","false","453961219","439623788","453961219","6","false","true",
"C","A","20190101","2019","52","2019","842","USA","USA","X","Export","156","CHN","China","0","W00","World","H5","HS","true","8505","Electro-magnets; permanent magnets, intended permanent magnets; electro-magnetic, permanent magnet chucks, clamps, similar; electromagnetic couplings, clutches, brakes; electro-magnetic lifting heads","4","false","C00","TOTAL CPC","0","0","TOTAL MOT","8","kg","519344.015","true","-1","N/A","0","false","519344.015","true","0","false","0","24251158","24251158","6","false","true",
"C","A","20190101","2019","52","2019","842","USA","USA","M","Import","156","CHN","China","0","W00","World","H5","HS","true","8507","Electric accumulators, including separators therefor; whether or not rectangular (including square)","4","false","C00","TOTAL CPC","0","0","TOTAL MOT","-1","N/A","0","false","-1","N/A","0","false","119445794.391","true","0","false","2369037262","2309591789","2369037262","4","false","true",
"C","A","20190101","2019","52","2019","842","USA","USA","X","Export","156","CHN","China","0","W00","World","H5","HS","true","8507","Electric accumulators, including separators therefor; whether or not rectangular (including square)","4","false","C00","TOTAL CPC","0","0","TOTAL MOT","-1","N/A","0","false","-1","N/A","0","false","13417538.19","true","0","false","0","107519213","107519213","4","false","true",
"C","A","20190101","2019","52","2019","842","USA","USA","M","Import","156","CHN","China","0","W00","World","H5","HS","true","8518","Microphones and their stands; loudspeakers, mounted or not in their enclosures; headphones and earphones, combined or not with a microphone, and sets of a microphone and one or more loudspeakers; audio frequency and electric sound amplifiers and sets","4","false","C00","TOTAL CPC","0","0","TOTAL MOT","-1","N/A","0","true","-1","N/A","0","false","91839632.338","true","0","false","3473244217","3358661140","3473244217","6","false","true",
"C","A","20190101","2019","52","2019","842","USA","USA","X","Export","156","CHN","China","0","W00","World","H5","HS","true","8518","Microphones and their stands; loudspeakers, mounted or not in their enclosures; headphones and earphones, combined or not with a microphone, and sets of a microphone and one or more loudspeakers; audio frequency and electric sound amplifiers and sets","4","false","C00","TOTAL CPC","0","0","TOTAL MOT","-1","N/A","0","true","-1","N/A","0","false","2448157.233","true","0","false","0","108198141","108198141","6","false","true",
"C","A","20190101","2019","52","2019","842","USA","USA","M","Import","156","CHN","China","0","W00","World","H5","HS","true","8528","Monitors and projectors, not incorporating television reception apparatus; reception apparatus for television, whether or not incorporating radio-broadcast receivers or sound or video recording or reproducing apparatus","4","false","C00","TOTAL CPC","0","0","TOTAL MOT","5","u","82502526","false","-1","N/A","0","false","292075701.91","true","0","false","11528025541","11263365351","11528025541","4","false","true",
"C","A","20190101","2019","52","2019","842","USA","USA","X","Export","156","CHN","China","0","W00","World","H5","HS","true","8528","Monitors and projectors, not incorporating television reception apparatus; reception apparatus for television, whether or not incorporating radio-broadcast receivers or sound or video recording or reproducing apparatus","4","false","C00","TOTAL CPC","0","0","TOTAL MOT","5","u","152372","false","-1","N/A","0","false","634871.514","true","0","false","0","52768113","52768113","4","false","true",
"C","A","20190101","2019","52","2019","842","USA","USA","M","Import","156","CHN","China","0","W00","World","H5","HS","true","8708","Motor vehicles; parts and accessories, of heading no. 8701 to 8705","4","false","C00","TOTAL CPC","0","0","TOTAL MOT","8","kg","1099543921.714","true","-1","N/A","0","false","1099543921.714","true","0","false","9592845098","9048522223","9592845098","6","false","true",
"C","A","20190101","2019","52","2019","842","USA","USA","X","Export","156","CHN","China","0","W00","World","H5","HS","true","8708","Motor vehicles; parts and accessories, of heading no. 8701 to 8705","4","false","C00","TOTAL CPC","0","0","TOTAL MOT","8","kg","117611643.106","true","-1","N/A","0","false","117611643.106","true","0","false","0","1538792191","1538792191","6","false","true",
"C","A","20190101","2019","52","2019","842","USA","USA","M","Import","156","CHN","China","0","W00","World","H5","HS","true","9018","Instruments and appliances used in medical, surgical, dental or veterinary sciences, including scintigraphic apparatus, other electro-medical apparatus and sight testing instruments","4","false","C00","TOTAL CPC","0","0","TOTAL MOT","-1","N/A","0","true","-1","N/A","0","false","14960427.569","true","0","false","1756050739","1700501270","1756050739","6","false","true",
"C","A","20190101","2019","52","2019","842","USA","USA","X","Export","156","CHN","China","0","W00","World","H5","HS","true","9018","Instruments and appliances used in medical, surgical, dental or veterinary sciences, including scintigraphic apparatus, other electro-medical apparatus and sight testing instruments","4","false","C00","TOTAL CPC","0","0","TOTAL MOT","-1","N/A","0","true","-1","N/A","0","false","23533091.211","true","0","false","0","3229282997","3229282997","6","false","true",
"C","A","20200101","2020","52","2020","842","USA","USA","X","Export","156","CHN","China","0","W00","World","H5","HS","true","2709","Petroleum oils and oils obtained from bituminous minerals; crude","4","false","C00","TOTAL CPC","0","0","TOTAL MOT","8","kg","28022562270","false","19","BBL","176242530","false","28022562270","false","0","false","0","6760934244","6760934244","0","false","true",
"C","A","20200101","2020","52","2020","842","USA","USA","M","Import","156","CHN","China","0","W00","World","H5","HS","true","2711","Petroleum gases and other gaseous hydrocarbons","4","false","C00","TOTAL CPC","0","0","TOTAL MOT","8","kg","6888414","false","-1","N/A","0","false","6888414","false","0","false","1149410","0","1149410","0","false","true",
"C","A","20200101","2020","52","2020","842","USA","USA","X","Export","156","CHN","China","0","W00","World","H5","HS","true","2711","Petroleum gases and other gaseous hydrocarbons","4","false","C00","TOTAL CPC","0","0","TOTAL MOT","8","kg","7134919908.873","true","-1","N/A","0","false","7134919908.873","true","0","false","0","2440929595","2440929595","6","false","true",
"C","A","20200101","2020","52","2020","842","USA","USA","M","Import","156","CHN","China","0","W00","World","H5","HS","true","2805","Alkali or alkaline-earth metals; rare-earth metals, scandium and yttrium, whether or not intermixed or interalloyed; mercury","4","false","C00","TOTAL CPC","0","0","TOTAL MOT","8","kg","11181008","false","8","kg","11181008","false","11181008","false","0","false","27863210","0","27863210","0","false","true",
"C","A","20200101","2020","52","2020","842","USA","USA","X","Export","156","CHN","China","0","W00","World","H5","HS","true","2805","Alkali or alkaline-earth metals; rare-earth metals, scandium and yttrium, whether or not intermixed or interalloyed; mercury","4","false","C00","TOTAL CPC","0","0","TOTAL MOT","8","kg","181923","false","8","kg","181923","false","181923","false","0","false","0","6648391","6648391","0","false","true",
"C","A","20200101","2020","52","2020","842","USA","USA","M","Import","156","CHN","China","0","W00","World","H5","HS","true","2846","Compounds, inorganic or organic, of rare-earth metals; of yttrium or of scandium or of mixtures of these metals","4","false","C00","TOTAL CPC","0","0","TOTAL MOT","8","kg","4322339.354","true","-1","N/A","0","false","4322339.354","true","0","false","45649703","0","45649703","6","false","true",
"C","A","20200101","2020","52","2020","842","USA","USA","X","Export","156","CHN","China","0","W00","World","H5","HS","true","2846","Compounds, inorganic or organic, of rare-earth metals; of yttrium or of scandium or of mixtures of these metals","4","false","C00","TOTAL CPC","0","0","TOTAL MOT","8","kg","59555508","false","8","kg","59555508","false","59555508","false","0","false","0","98931639","98931639","0","false","true",
"C","A","20200101","2020","52","2020","842","USA","USA","M","Import","156","CHN","China","0","W00","World","H5","HS","true","8505","Electro-magnets; permanent magnets, intended permanent magnets; electro-magnetic, permanent magnet chucks, clamps, similar; electromagnetic couplings, clutches, brakes; electro-magnetic lifting heads","4","false","C00","TOTAL CPC","0","0","TOTAL MOT","8","kg","14646948.371","true","-1","N/A","0","false","14646948.371","true","0","false","368406831","0","368406831","6","false","true",
"C","A","20200101","2020","52","2020","842","USA","USA","X","Export","156","CHN","China","0","W00","World","H5","HS","true","8505","Electro-magnets; permanent magnets, intended permanent magnets; electro-magnetic, permanent magnet chucks, clamps, similar; electromagnetic couplings, clutches, brakes; electro-magnetic lifting heads","4","false","C00","TOTAL CPC","0","0","TOTAL MOT","8","kg","982767.825","true","-1","N/A","0","false","982767.825","true","0","false","0","39570400","39570400","6","false","true",
"C","A","20200101","2020","52","2020","842","USA","USA","M","Import","156","CHN","China","0","W00","World","H5","HS","true","8507","Electric accumulators, including separators therefor; whether or not rectangular (including square)","4","false","C00","TOTAL CPC","0","0","TOTAL MOT","-1","N/A","0","false","-1","N/A","0","false","178033372.095","true","0","false","2591304815","0","2591304815","4","false","true",
"C","A","20200101","2020","52","2020","842","USA","USA","X","Export","156","CHN","China","0","W00","World","H5","HS","true","8507","Electric accumulators, including separators therefor; whether or not rectangular (including square)","4","false","C00","TOTAL CPC","0","0","TOTAL MOT","-1","N/A","0","false","-1","N/A","0","false","14528812.888","true","0","false","0","275799181","275799181","4","false","true",
"C","A","20200101","2020","52","2020","842","USA","USA","M","Import","156","CHN","China","0","W00","World","H5","HS","true","8518","Microphones and their stands; loudspeakers, mounted or not in their enclosures; headphones and earphones, combined or not with a microphone, and sets of a microphone and one or more loudspeakers; audio frequency and electric sound amplifiers and sets","4","false","C00","TOTAL CPC","0","0","TOTAL MOT","-1","N/A","0","true","-1","N/A","0","false","95195946.667","true","0","false","4168341101","0","4168341101","6","false","true",
"C","A","20200101","2020","52","2020","842","USA","USA","X","Export","156","CHN","China","0","W00","World","H5","HS","true","8518","Microphones and their stands; loudspeakers, mounted or not in their enclosures; headphones and earphones, combined or not with a microphone, and sets of a microphone and one or more loudspeakers; audio frequency and electric sound amplifiers and sets","4","false","C00","TOTAL CPC","0","0","TOTAL MOT","-1","N/A","0","true","-1","N/A","0","false","1659669.769","true","0","false","0","74914630","74914630","6","false","true",
"C","A","20200101","2020","52","2020","842","USA","USA","M","Import","156","CHN","China","0","W00","World","H5","HS","true","8528","Monitors and projectors, not incorporating television reception apparatus; reception apparatus for television, whether or not incorporating radio-broadcast receivers or sound or video recording or reproducing apparatus","4","false","C00","TOTAL CPC","0","0","TOTAL MOT","5","u","63729198","false","5","u","63729198","false","229659152.627","true","0","false","8332610251","0","8332610251","4","false","true",
"C","A","20200101","2020","52","2020","842","USA","USA","X","Export","156","CHN","China","0","W00","World","H5","HS","true","8528","Monitors and projectors, not incorporating television reception apparatus; reception apparatus for television, whether or not incorporating radio-broadcast receivers or sound or video recording or reproducing apparatus","4","false","C00","TOTAL CPC","0","0","TOTAL MOT","5","u","130245","false","5","u","130245","false","418932.48","true","0","false","0","27060543","27060543","4","false","true",
"C","A","20200101","2020","52","2020","842","USA","USA","M","Import","156","CHN","China","0","W00","World","H5","HS","true","8708","Motor vehicles; parts and accessories, of heading no. 8701 to 8705","4","false","C00","TOTAL CPC","0","0","TOTAL MOT","8","kg","885358242.142","true","-1","N/A","0","false","885358242.142","true","0","false","8113237421","0","8113237421","6","false","true",
"C","A","20200101","2020","52","2020","842","USA","USA","X","Export","156","CHN","China","0","W00","World","H5","HS","true","8708","Motor vehicles; parts and accessories, of heading no. 8701 to 8705","4","false","C00","TOTAL CPC","0","0","TOTAL MOT","8","kg","140279781.959","true","-1","N/A","0","false","140279781.959","true","0","false","0","1935143893","1935143893","6","false","true",
"C","A","20200101","2020","52","2020","842","USA","USA","M","Import","156","CHN","China","0","W00","World","H5","HS","true","9018","Instruments and appliances used in medical, surgical, dental or veterinary sciences, including scintigraphic apparatus, other electro-medical apparatus and sight testing instruments","4","false","C00","TOTAL CPC","0","0","TOTAL MOT","-1","N/A","0","true","-1","N/A","0","false","18346296.451","true","0","false","2319149452","0","2319149452","6","false","true",
"C","A","20200101","2020","52","2020","842","USA","USA","X","Export","156","CHN","China","0","W00","World","H5","HS","true","9018","Instruments and appliances used in medical, surgical, dental or veterinary sciences, including scintigraphic apparatus, other electro-medical apparatus and sight testing instruments","4","false","C00","TOTAL CPC","0","0","TOTAL MOT","-1","N/A","0","true","-1","N/A","0","false","19674394.054","true","0","false","0","3101405246","3101405246","6","false","true",
"C","A","20210101","2021","52","2021","842","USA","USA","X","Export","156","CHN","China","0","W00","World","H5","HS","true","2709","Petroleum oils and oils obtained from bituminous minerals; crude","4","false","C00","TOTAL CPC","0","0","TOTAL MOT","8","kg","14741659242","false","19","BBL","92714838","false","14741659242","false","0","false","0","5911305448","5911305448","0","false","true",
"C","A","20210101","2021","52","2021","842","USA","USA","M","Import","156","CHN","China","0","W00","World","H5","HS","true","2711","Petroleum gases and other gaseous hydrocarbons","4","false","C00","TOTAL CPC","0","0","TOTAL MOT","8","kg","8579743","false","-1","N/A","0","false","8579743","false","0","false","2244538","0","2244538","0","false","true",
"C","A","20210101","2021","52","2021","842","USA","USA","X","Export","156","CHN","China","0","W00","World","H5","HS","true","2711","Petroleum gases and other gaseous hydrocarbons","4","false","C00","TOTAL CPC","0","0","TOTAL MOT","8","kg","10694972771.742","true","-1","N/A","0","false","10694972771.742","true","0","false","0","6161081050","6161081050","6","false","true",
"C","A","20210101","2021","52","2021","842","USA","USA","M","Import","156","CHN","China","0","W00","World","H5","HS","true","2805","Alkali or alkaline-earth metals; rare-earth metals, scandium and yttrium, whether or not intermixed or interalloyed; mercury","4","false","C00","TOTAL CPC","0","0","TOTAL MOT","8","kg","10031737","false","8","kg","10031737","false","10031737","false","0","false","37209604","0","37209604","0","false","true",
"C","A","20210101","2021","52","2021","842","USA","USA","X","Export","156","CHN","China","0","W00","World","H5","HS","true","2805","Alkali or alkaline-earth metals; rare-earth metals, scandium and yttrium, whether or not intermixed or interalloyed; mercury","4","false","C00","TOTAL CPC","0","0","TOTAL MOT","8","kg","71148","false","8","kg","71148","false","71148","false","0","false","0","4396777","4396777","0","false","true",
"C","A","20210101","2021","52","2021","842","USA","USA","M","Import","156","CHN","China","0","W00","World","H5","HS","true","2846","Compounds, inorganic or organic, of rare-earth metals; of yttrium or of scandium or of mixtures of these metals","4","false","C00","TOTAL CPC","0","0","TOTAL MOT","8","kg","4192847.614","true","-1","N/A","0","false","4192847.614","true","0","false","73953303","0","73953303","6","false","true",
"C","A","20210101","2021","52","2021","842","USA","USA","X","Export","156","CHN","China","0","W00","World","H5","HS","true","2846","Compounds, inorganic or organic, of rare-earth metals; of yttrium or of scandium or of mixtures of these metals","4","false","C00","TOTAL CPC","0","0","TOTAL MOT","8","kg","75722900","false","8","kg","75722900","false","75722900","false","0","false","0","279461349","279461349","0","false","true",
"C","A","20210101","2021","52","2021","842","USA","USA","M","Import","156","CHN","China","0","W00","World","H5","HS","true","8505","Electro-magnets; permanent magnets, intended permanent magnets; electro-magnetic, permanent magnet chucks, clamps, similar; electromagnetic couplings, clutches, brakes; electro-magnetic lifting heads","4","false","C00","TOTAL CPC","0","0","TOTAL MOT","8","kg","20571368.193","true","-1","N/A","0","false","20571368.193","true","0","false","559900508","0","559900508","6","false","true",
"C","A","20210101","2021","52","2021","842","USA","USA","X","Export","156","CHN","China","0","W00","World","H5","HS","true","8505","Electro-magnets; permanent magnets, intended permanent magnets; electro-magnetic, permanent magnet chucks, clamps, similar; electromagnetic couplings, clutches, brakes; electro-magnetic lifting heads","4","false","C00","TOTAL CPC","0","0","TOTAL MOT","8","kg","562558.334","true","-1","N/A","0","false","562558.334","true","0","false","0","30710488","30710488","6","false","true",
"C","A","20210101","2021","52","2021","842","USA","USA","M","Import","156","CHN","China","0","W00","World","H5","HS","true","8507","Electric accumulators, including separators therefor; whether or not rectangular (including square)","4","false","C00","TOTAL CPC","0","0","TOTAL MOT","-1","N/A","0","false","-1","N/A","0","false","297878724.913","true","0","false","5435204580","0","5435204580","4","false","true",
"C","A","20210101","2021","52","2021","842","USA","USA","X","Export","156","CHN","China","0","W00","World","H5","HS","true","8507","Electric accumulators, including separators therefor; whether or not rectangular (including square)","4","false","C00","TOTAL CPC","0","0","TOTAL MOT","-1","N/A","0","false","-1","N/A","0","false","9687912.588","true","0","false","0","85351711","85351711","4","false","true",
"C","A","20210101","2021","52","2021","842","USA","USA","M","Import","156","CHN","China","0","W00","World","H5","HS","true","8518","Microphones and their stands; loudspeakers, mounted or not in their enclosures; headphones and earphones, combined or not with a microphone, and sets of a microphone and one or more loudspeakers; audio frequency and electric sound amplifiers and sets","4","false","C00","TOTAL CPC","0","0","TOTAL MOT","-1","N/A","0","true","-1","N/A","0","false","114317099.823","true","0","false","5745138105","0","5745138105","6","false","true",
"C","A","20210101","2021","52","2021","842","USA","USA","X","Export","156","CHN","China","0","W00","World","H5","HS","true","8518","Microphones and their stands; loudspeakers, mounted or not in their enclosures; headphones and earphones, combined or not with a microphone, and sets of a microphone and one or more loudspeakers; audio frequency and electric sound amplifiers and sets","4","false","C00","TOTAL CPC","0","0","TOTAL MOT","-1","N/A","0","true","-1","N/A","0","false","1998401.479","true","0","false","0","97373745","97373745","6","false","true",
"C","A","20210101","2021","52","2021","842","USA","USA","M","Import","156","CHN","China","0","W00","World","H5","HS","true","8528","Monitors and projectors, not incorporating television reception apparatus; reception apparatus for television, whether or not incorporating radio-broadcast receivers or sound or video recording or reproducing apparatus","4","false","C00","TOTAL CPC","0","0","TOTAL MOT","5","u","58578935","false","5","u","58578935","false","226511455.515","true","0","false","9641269093","0","9641269093","4","false","true",
"C","A","20210101","2021","52","2021","842","USA","USA","X","Export","156","CHN","China","0","W00","World","H5","HS","true","8528","Monitors and projectors, not incorporating television reception apparatus; reception apparatus for television, whether or not incorporating radio-broadcast receivers or sound or video recording or reproducing apparatus","4","false","C00","TOTAL CPC","0","0","TOTAL MOT","5","u","184603","false","5","u","184603","false","412126.395","true","0","false","0","30450181","30450181","4","false","true",
"C","A","20210101","2021","52","2021","842","USA","USA","M","Import","156","CHN","China","0","W00","World","H5","HS","true","8708","Motor vehicles; parts and accessories, of heading no. 8701 to 8705","4","false","C00","TOTAL CPC","0","0","TOTAL MOT","8","kg","1092705880.79","true","-1","N/A","0","false","1092705880.79","true","0","false","10246837775","0","10246837775","6","false","true",
"C","A","20210101","2021","52","2021","842","USA","USA","X","Export","156","CHN","China","0","W00","World","H5","HS","true","8708","Motor vehicles; parts and accessories, of heading no. 8701 to 8705","4","false","C00","TOTAL CPC","0","0","TOTAL MOT","8","kg","108375837.691","true","-1","N/A","0","false","108375837.691","true","0","false","0","1764340764","1764340764","6","false","true",
"C","A","20210101","2021","52","2021","842","USA","USA","M","Import","156","CHN","China","0","W00","World","H5","HS","true","9018","Instruments and appliances used in medical, surgical, dental or veterinary sciences, including scintigraphic apparatus, other electro-medical apparatus and sight testing instruments","4","false","C00","TOTAL CPC","0","0","TOTAL MOT","-1","N/A","0","true","-1","N/A","0","false","22637122.234","true","0","false","2416000202","0","2416000202","6","false","true",
"C","A","20210101","2021","52","2021","842","USA","USA","X","Export","156","CHN","China","0","W00","World","H5","HS","true","9018","Instruments and appliances used in medical, surgical, dental or veterinary sciences, including scintigraphic apparatus, other electro-medical apparatus and sight testing instruments","4","false","C00","TOTAL CPC","0","0","TOTAL MOT","-1","N/A","0","true","-1","N/A","0","false","20059022.516","true","0","false","0","3742151179","3742151179","6","false","true",
"C","A","20220101","2022","52","2022","842","USA","USA","X","Export","156","CHN","China","0","W00","World","H6","HS","true","2709","Petroleum oils and oils obtained from bituminous minerals; crude","4","false","C00","TOTAL CPC","0","0","TOTAL MOT","8","kg","13215755799","false","19","BBL","83117961","false","13215755799","false","0","false",,"6971487694","6971487694","0","false","true",
"C","A","20220101","2022","52","2022","842","USA","USA","M","Import","156","CHN","China","0","W00","World","H6","HS","true","2711","Petroleum gases and other gaseous hydrocarbons","4","false","C00","TOTAL CPC","0","0","TOTAL MOT","8","kg","3435636.548","true","-1","N/A","0","false","3435636.548","true","0","false","2865609","2519414","2865609","6","false","true",
"C","A","20220101","2022","52","2022","842","USA","USA","X","Export","156","CHN","China","0","W00","World","H6","HS","true","2711","Petroleum gases and other gaseous hydrocarbons","4","false","C00","TOTAL CPC","0","0","TOTAL MOT","8","kg","4107902708.139","true","-1","N/A","0","false","4107902708.139","true","0","false",,"3999618926","3999618926","6","false","true",
"C","A","20220101","2022","52","2022","842","USA","USA","M","Import","156","CHN","China","0","W00","World","H6","HS","true","2805","Alkali or alkaline-earth metals; rare-earth metals, scandium and yttrium, whether or not intermixed or interalloyed; mercury","4","false","C00","TOTAL CPC","0","0","TOTAL MOT","8","kg","14540842","false","8","kg","14540842","false","14540842","false","0","false","69792014","65635713","69792014","0","false","true",
"C","A","20220101","2022","52","2022","842","USA","USA","X","Export","156","CHN","China","0","W00","World","H6","HS","true","2805","Alkali or alkaline-earth metals; rare-earth metals, scandium and yttrium, whether or not intermixed or interalloyed; mercury","4","false","C00","TOTAL CPC","0","0","TOTAL MOT","8","kg","532746","false","8","kg","532746","false","532746","false","0","false",,"7797479","7797479","0","false","true",
"C","A","20220101","2022","52","2022","842","USA","USA","M","Import","156","CHN","China","0","W00","World","H6","HS","true","2846","Compounds, inorganic or organic, of rare-earth metals; of yttrium or of scandium or of mixtures of these metals","4","false","C00","TOTAL CPC","0","0","TOTAL MOT","8","kg","12125016","false","8","kg","12125016","false","12125016","false","0","false","121694423","118740246","121694423","0","false","true",
"C","A","20220101","2022","52","2022","842","USA","USA","X","Export","156","CHN","China","0","W00","World","H6","HS","true","2846","Compounds, inorganic or organic, of rare-earth metals; of yttrium or of scandium or of mixtures of these metals","4","false","C00","TOTAL CPC","0","0","TOTAL MOT","8","kg","74402569","false","8","kg","74402569","false","74402569","false","0","false",,"516891786","516891786","0","false","true",
"C","A","20220101","2022","52","2022","842","USA","USA","M","Import","156","CHN","China","0","W00","World","H6","HS","true","8505","Electro-magnets; permanent magnets, intended permanent magnets; electro-magnetic, permanent magnet chucks, clamps, similar; electromagnetic couplings, clutches, brakes; electro-magnetic lifting heads","4","false","C00","TOTAL CPC","0","0","TOTAL MOT","8","kg","53088977.939","true","-1","N/A","0","false","53088977.939","true","0","false","744580464","714061422","744580464","6","false","true",
"C","A","20220101","2022","52","2022","842","USA","USA","X","Export","156","CHN","China","0","W00","World","H6","HS","true","8505","Electro-magnets; permanent magnets, intended permanent magnets; electro-magnetic, permanent magnet chucks, clamps, similar; electromagnetic couplings, clutches, brakes; electro-magnetic lifting heads","4","false","C00","TOTAL CPC","0","0","TOTAL MOT","8","kg","1147182.345","true","-1","N/A","0","false","1147182.345","true","0","false",,"40721510","40721510","6","false","true",
"C","A","20220101","2022","52","2022","842","USA","USA","M","Import","156","CHN","China","0","W00","World","H6","HS","true","8507","Electric accumulators, including separators therefor; whether or not rectangular (including square)","4","false","C00","TOTAL CPC","0","0","TOTAL MOT","-1","N/A","0","false","-1","N/A","0","false","561187128.049","true","0","false","10922096723","10688720897","10922096723","4","false","true",
"C","A","20220101","2022","52","2022","842","USA","USA","X","Export","156","CHN","China","0","W00","World","H6","HS","true","8507","Electric accumulators, including separators therefor; whether or not rectangular (including square)","4","false","C00","TOTAL CPC","0","0","TOTAL MOT","-1","N/A","0","false","-1","N/A","0","false","6909445.798","true","0","false",,"92092577","92092577","4","false","true",
"C","A","20220101","2022","52","2022","842","USA","USA","M","Import","156","CHN","China","0","W00","World","H6","HS","true","8518","Microphones and their stands; loudspeakers, mounted or not in their enclosures; headphones and earphones, combined or not with a microphone, and sets of a microphone and one or more loudspeakers; audio-frequency and electric sound amplifiers and sets","4","false","C00","TOTAL CPC","0","0","TOTAL MOT","-1","N/A","0","true","-1","N/A","0","false","113487576.919","true","0","false","6258053511","6012103300","6258053511","6","false","true",
"C","A","20220101","2022","52","2022","842","USA","USA","X","Export","156","CHN","China","0","W00","World","H6","HS","true","8518","Microphones and their stands; loudspeakers, mounted or not in their enclosures; headphones and earphones, combined or not with a microphone, and sets of a microphone and one or more loudspeakers; audio-frequency and electric sound amplifiers and sets","4","false","C00","TOTAL CPC","0","0","TOTAL MOT","-1","N/A","0","true","-1","N/A","0","false","2164314.426","true","0","false",,"94452506","94452506","6","false","true",
"C","A","20220101","2022","52","2022","842","USA","USA","M","Import","156","CHN","China","0","W00","World","H6","HS","true","8528","Monitors and projectors, not incorporating television reception apparatus; reception apparatus for television, whether or not incorporating radio-broadcast receivers or sound or video recording or reproducing apparatus","4","false","C00","TOTAL CPC","0","0","TOTAL MOT","5","u","58812139","false","5","u","58812139","false","212750972.536","true","0","false","9584328757","9247990825","9584328757","4","false","true",
"C","A","20220101","2022","52","2022","842","USA","USA","X","Export","156","CHN","China","0","W00","World","H6","HS","true","8528","Monitors and projectors, not incorporating television reception apparatus; reception apparatus for television, whether or not incorporating radio-broadcast receivers or sound or video recording or reproducing apparatus","4","false","C00","TOTAL CPC","0","0","TOTAL MOT","5","u","185868","false","5","u","185868","false","847232.313","true","0","false",,"45357125","45357125","4","false","true",
"C","A","20220101","2022","52","2022","842","USA","USA","M","Import","156","CHN","China","0","W00","World","H6","HS","true","8708","Motor vehicles; parts and accessories, of heading no. 8701 to 8705","4","false","C00","TOTAL CPC","0","0","TOTAL MOT","8","kg","1201427045.44","true","-1","N/A","0","false","1201427045.44","true","0","false","11644238199","10486958322","11644238199","6","false","true",
"C","A","20220101","2022","52","2022","842","USA","USA","X","Export","156","CHN","China","0","W00","World","H6","HS","true","8708","Motor vehicles; parts and accessories, of heading no. 8701 to 8705","4","false","C00","TOTAL CPC","0","0","TOTAL MOT","8","kg","107892166.162","true","-1","N/A","0","false","107892166.162","true","0","false",,"1541483192","1541483192","6","false","true",
"C","A","20220101","2022","52","2022","842","USA","USA","M","Import","156","CHN","China","0","W00","World","H6","HS","true","9018","Instruments and appliances used in medical, surgical, dental or veterinary sciences, including scintigraphic apparatus, other electro-medical apparatus and sight testing instruments","4","false","C00","TOTAL CPC","0","0","TOTAL MOT","-1","N/A","0","true","-1","N/A","0","false","20711052.968","true","0","false","2670596549","2544187033","2670596549","6","false","true",
"C","A","20220101","2022","52","2022","842","USA","USA","X","Export","156","CHN","China","0","W00","World","H6","HS","true","9018","Instruments and appliances used in medical, surgical, dental or veterinary sciences, including scintigraphic apparatus, other electro-medical apparatus and sight testing instruments","4","false","C00","TOTAL CPC","0","0","TOTAL MOT","-1","N/A","0","true","-1","N/A","0","false","22769935.715","true","0","false",,"3763374534","3763374534","6","false","true",
"C","A","20230101","2023","52","2023","842","USA","USA","X","Export","156","CHN","China","0","W00","World","H6","HS","true","2709","Petroleum oils and oils obtained from bituminous minerals; crude","4","false","C00","TOTAL CPC","0","0","TOTAL MOT","8","kg","26672288319","false","19","BBL","167750241","false","26672288319","false","0","false",,"13107151437","13107151437","0","false","true",
"C","A","20230101","2023","52","2023","842","USA","USA","M","Import","156","CHN","China","0","W00","World","H6","HS","true","2711","Petroleum gases and other gaseous hydrocarbons","4","false","C00","TOTAL CPC","0","0","TOTAL MOT","8","kg","2435659.08","true","-1","N/A","0","false","2435659.08","true","0","false","1276469","1167044","1276469","6","false","true",
"C","A","20230101","2023","52","2023","842","USA","USA","X","Export","156","CHN","China","0","W00","World","H6","HS","true","2711","Petroleum gases and other gaseous hydrocarbons","4","false","C00","TOTAL CPC","0","0","TOTAL MOT","8","kg","6814309623.364","true","-1","N/A","0","false","6814309623.364","true","0","false",,"4517381818","4517381818","6","false","true",
"C","A","20230101","2023","52","2023","842","USA","USA","M","Import","156","CHN","China","0","W00","World","H6","HS","true","2805","Alkali or alkaline-earth metals; rare-earth metals, scandium and yttrium, whether or not intermixed or interalloyed; mercury","4","false","C00","TOTAL CPC","0","0","TOTAL MOT","8","kg","12126337","false","8","kg","12126337","false","12126337","false","0","false","69495369","67014431","69495369","0","false","true",
"C","A","20230101","2023","52","2023","842","USA","USA","X","Export","156","CHN","China","0","W00","World","H6","HS","true","2805","Alkali or alkaline-earth metals; rare-earth metals, scandium and yttrium, whether or not intermixed or interalloyed; mercury","4","false","C00","TOTAL CPC","0","0","TOTAL MOT","8","kg","313458","false","8","kg","313458","false","313458","false","0","false",,"12125577","12125577","0","false","true",
"C","A","20230101","2023","52","2023","842","USA","USA","M","Import","156","CHN","China","0","W00","World","H6","HS","true","2846","Compounds, inorganic or organic, of rare-earth metals; of yttrium or of scandium or of mixtures of these metals","4","false","C00","TOTAL CPC","0","0","TOTAL MOT","8","kg","10997647","false","8","kg","10997647","false","10997647","false","0","false","111168490","109480992","111168490","0","false","true",
"C","A","20230101","2023","52","2023","842","USA","USA","X","Export","156","CHN","China","0","W00","World","H6","HS","true","2846","Compounds, inorganic or organic, of rare-earth metals; of yttrium or of scandium or of mixtures of these metals","4","false","C00","TOTAL CPC","0","0","TOTAL MOT","8","kg","32247094","false","8","kg","32247094","false","32247094","false","0","false",,"318534259","318534259","0","false","true",
"C","A","20230101","2023","52","2023","842","USA","USA","M","Import","156","CHN","China","0","W00","World","H6","HS","true","8505","Electro-magnets; permanent magnets, intended permanent magnets; electro-magnetic, permanent magnet chucks, clamps, similar; electromagnetic couplings, clutches, brakes; electro-magnetic lifting heads","4","false","C00","TOTAL CPC","0","0","TOTAL MOT","8","kg","35441312.398","true","-1","N/A","0","false","35441312.398","true","0","false","593359632","576168391","593359632","6","false","true",
"C","A","20230101","2023","52","2023","842","USA","USA","X","Export","156","CHN","China","0","W00","World","H6","HS","true","8505","Electro-magnets; permanent magnets, intended permanent magnets; electro-magnetic, permanent magnet chucks, clamps, similar; electromagnetic couplings, clutches, brakes; electro-magnetic lifting heads","4","false","C00","TOTAL CPC","0","0","TOTAL MOT","8","kg","1341836.695","true","-1","N/A","0","false","1341836.695","true","0","false",,"68996099","68996099","6","false","true",
"C","A","20230101","2023","52","2023","842","USA","USA","M","Import","156","CHN","China","0","W00","World","H6","HS","true","8507","Electric accumulators, including separators therefor; whether or not rectangular (including square)","4","false","C00","TOTAL CPC","0","0","TOTAL MOT","-1","N/A","0","false","-1","N/A","0","false","1077539134.403","true","0","false","15840738065","15648377086","15840738065","4","false","true",
"C","A","20230101","2023","52","2023","842","USA","USA","X","Export","156","CHN","China","0","W00","World","H6","HS","true","8507","Electric accumulators, including separators therefor; whether or not rectangular (including square)","4","false","C00","TOTAL CPC","0","0","TOTAL MOT","-1","N/A","0","false","-1","N/A","0","false","4549765.934","true","0","false",,"86411804","86411804","4","false","true",
"C","A","20230101","2023","52","2023","842","USA","USA","M","Import","156","CHN","China","0","W00","World","H6","HS","true","8518","Microphones and their stands; loudspeakers, mounted or not in their enclosures; headphones and earphones, combined or not with a microphone, and sets of a microphone and one or more loudspeakers; audio-frequency and electric sound amplifiers and sets","4","false","C00","TOTAL CPC","0","0","TOTAL MOT","-1","N/A","0","true","-1","N/A","0","false","77400580.732","true","0","false","5361385093","5215377372","5361385093","6","false","true",
"C","A","20230101","2023","52","2023","842","USA","USA","X","Export","156","CHN","China","0","W00","World","H6","HS","true","8518","Microphones and their stands; loudspeakers, mounted or not in their enclosures; headphones and earphones, combined or not with a microphone, and sets of a microphone and one or more loudspeakers; audio-frequency and electric sound amplifiers and sets","4","false","C00","TOTAL CPC","0","0","TOTAL MOT","-1","N/A","0","true","-1","N/A","0","false","1863194.692","true","0","false",,"88647576","88647576","6","false","true",
"C","A","20230101","2023","52","2023","842","USA","USA","M","Import","156","CHN","China","0","W00","World","H6","HS","true","8528","Monitors and projectors, not incorporating television reception apparatus; reception apparatus for television, whether or not incorporating radio-broadcast receivers or sound or video recording or reproducing apparatus","4","false","C00","TOTAL CPC","0","0","TOTAL MOT","5","u","46318177","false","5","u","46318177","false","154924259.718","true","0","false","6807371129","6611564405","6807371129","4","false","true",
"C","A","20230101","2023","52","2023","842","USA","USA","X","Export","156","CHN","China","0","W00","World","H6","HS","true","8528","Monitors and projectors, not incorporating television reception apparatus; reception apparatus for television, whether or not incorporating radio-broadcast receivers or sound or video recording or reproducing apparatus","4","false","C00","TOTAL CPC","0","0","TOTAL MOT","5","u","160123","false","5","u","160123","false","820528.117","true","0","false",,"47275317","47275317","4","false","true",
"C","A","20230101","2023","52","2023","842","USA","USA","M","Import","156","CHN","China","0","W00","World","H6","HS","true","8708","Motor vehicles; parts and accessories, of heading no. 8701 to 8705","4","false","C00","TOTAL CPC","0","0","TOTAL MOT","8","kg","965735893.235","true","-1","N/A","0","false","965735893.235","true","0","false","9918736778","9276874462","9918736778","6","false","true",
"C","A","20230101","2023","52","2023","842","USA","USA","X","Export","156","CHN","China","0","W00","World","H6","HS","true","8708","Motor vehicles; parts and accessories, of heading no. 8701 to 8705","4","false","C00","TOTAL CPC","0","0","TOTAL MOT","8","kg","104404459.504","true","-1","N/A","0","false","104404459.504","true","0","false",,"1485303330","1485303330","6","false","true",
"C","A","20230101","2023","52","2023","842","USA","USA","M","Import","156","CHN","China","0","W00","World","H6","HS","true","9018","Instruments and appliances used in medical, surgical, dental or veterinary sciences, including scintigraphic apparatus, other electro-medical apparatus and sight testing instruments","4","false","C00","TOTAL CPC","0","0","TOTAL MOT","-1","N/A","0","true","-1","N/A","0","false","14805902.257","true","0","false","2238235647","2168551142","2238235647","6","false","true",
"C","A","20230101","2023","52","2023","842","USA","USA","X","Export","156","CHN","China","0","W00","World","H6","HS","true","9018","Instruments and appliances used in medical, surgical, dental or veterinary sciences, including scintigraphic apparatus, other electro-medical apparatus and sight testing instruments","4","false","C00","TOTAL CPC","0","0","TOTAL MOT","-1","N/A","0","true","-1","N/A","0","false","22209409.547","true","0","false",,"3657246381","3657246381","6","false","true",
"C","A","20240101","2024","52","2024","842","USA","USA","X","Export","156","CHN","China","0","W00","World","H6","HS","true","2709","Petroleum oils and oils obtained from bituminous minerals; crude","4","false","C00","TOTAL CPC","0","0","TOTAL MOT","8","kg","12605074323","false","19","BBL","79277197","false","12605074323","false","0","false",,"6159562800","6159562800","0","false","true",
"C","A","20240101","2024","52","2024","842","USA","USA","M","Import","156","CHN","China","0","W00","World","H6","HS","true","2711","Petroleum gases and other gaseous hydrocarbons","4","false","C00","TOTAL CPC","0","0","TOTAL MOT","8","kg","7625637.689","true","-1","N/A","0","false","7625637.689","true","0","false","4823370","3980078","4823370","6","false","true",
"C","A","20240101","2024","52","2024","842","USA","USA","X","Export","156","CHN","China","0","W00","World","H6","HS","true","2711","Petroleum gases and other gaseous hydrocarbons","4","false","C00","TOTAL CPC","0","0","TOTAL MOT","8","kg","10106395697.511","true","-1","N/A","0","false","10106395697.511","true","0","false",,"6187023522","6187023522","6","false","true",
"C","A","20240101","2024","52","2024","842","USA","USA","M","Import","156","CHN","China","0","W00","World","H6","HS","true","2805","Alkali or alkaline-earth metals; rare-earth metals, scandium and yttrium, whether or not intermixed or interalloyed; mercury","4","false","C00","TOTAL CPC","0","0","TOTAL MOT","8","kg","9663059.97","true","-1","N/A","0","false","9663059.97","true","0","false","52301795","50010827","52301795","6","false","true",
"C","A","20240101","2024","52","2024","842","USA","USA","X","Export","156","CHN","China","0","W00","World","H6","HS","true","2805","Alkali or alkaline-earth metals; rare-earth metals, scandium and yttrium, whether or not intermixed or interalloyed; mercury","4","false","C00","TOTAL CPC","0","0","TOTAL MOT","8","kg","254177","false","8","kg","254177","false","254177","false","0","false",,"18889389","18889389","0","false","true",
"C","A","20240101","2024","52","2024","842","USA","USA","M","Import","156","CHN","China","0","W00","World","H6","HS","true","2846","Compounds, inorganic or organic, of rare-earth metals; of yttrium or of scandium or of mixtures of these metals","4","false","C00","TOTAL CPC","0","0","TOTAL MOT","8","kg","10248721","false","8","kg","10248721","false","10248721","false","0","false","116100303","113933268","116100303","0","false","true",
"C","A","20240101","2024","52","2024","842","USA","USA","X","Export","156","CHN","China","0","W00","World","H6","HS","true","2846","Compounds, inorganic or organic, of rare-earth metals; of yttrium or of scandium or of mixtures of these metals","4","false","C00","TOTAL CPC","0","0","TOTAL MOT","8","kg","59156158","false","8","kg","59156158","false","59156158","false","0","false",,"191140826","191140826","0","false","true",
"C","A","20240101","2024","52","2024","842","USA","USA","M","Import","156","CHN","China","0","W00","World","H6","HS","true","8505","Electro-magnets; permanent magnets, intended permanent magnets; electro-magnetic, permanent magnet chucks, clamps, similar; electromagnetic couplings, clutches, brakes; electro-magnetic lifting heads","4","false","C00","TOTAL CPC","0","0","TOTAL MOT","8","kg","18791677.052","true","-1","N/A","0","false","18791677.052","true","0","false","515853637","497532030","515853637","6","false","true",
"C","A","20240101","2024","52","2024","842","USA","USA","X","Export","156","CHN","China","0","W00","World","H6","HS","true","8505","Electro-magnets; permanent magnets, intended permanent magnets; electro-magnetic, permanent magnet chucks, clamps, similar; electromagnetic couplings, clutches, brakes; electro-magnetic lifting heads","4","false","C00","TOTAL CPC","0","0","TOTAL MOT","8","kg","1024636.138","true","-1","N/A","0","false","1024636.138","true","0","false",,"68512762","68512762","6","false","true",
"C","A","20240101","2024","52","2024","842","USA","USA","M","Import","156","CHN","China","0","W00","World","H6","HS","true","8507","Electric accumulators, including separators therefor; whether or not rectangular (including square)","4","false","C00","TOTAL CPC","0","0","TOTAL MOT","-1","N/A","0","false","-1","N/A","0","false","467725961.334","true","0","false","18141057771","17884228128","18141057771","4","false","true",
"C","A","20240101","2024","52","2024","842","USA","USA","X","Export","156","CHN","China","0","W00","World","H6","HS","true","8507","Electric accumulators, including separators therefor; whether or not rectangular (including square)","4","false","C00","TOTAL CPC","0","0","TOTAL MOT","-1","N/A","0","false","-1","N/A","0","false","4074688.075","true","0","false",,"76048181","76048181","4","false","true",
"C","A","20240101","2024","52","2024","842","USA","USA","M","Import","156","CHN","China","0","W00","World","H6","HS","true","8518","Microphones and their stands; loudspeakers, mounted or not in their enclosures; headphones and earphones, combined or not with a microphone, and sets of a microphone and one or more loudspeakers; audio-frequency and electric sound amplifiers and sets","4","false","C00","TOTAL CPC","0","0","TOTAL MOT","-1","N/A","0","true","-1","N/A","0","false","76046232.959","true","0","false","5541676629","5372031440","5541676629","6","false","true",
"C","A","20240101","2024","52","2024","842","USA","USA","X","Export","156","CHN","China","0","W00","World","H6","HS","true","8518","Microphones and their stands; loudspeakers, mounted or not in their enclosures; headphones and earphones, combined or not with a microphone, and sets of a microphone and one or more loudspeakers; audio-frequency and electric sound amplifiers and sets","4","false","C00","TOTAL CPC","0","0","TOTAL MOT","-1","N/A","0","true","-1","N/A","0","false","1778675.55","true","0","false",,"103848593","103848593","6","false","true",
"C","A","20240101","2024","52","2024","842","USA","USA","M","Import","156","CHN","China","0","W00","World","H6","HS","true","8528","Monitors and projectors, not incorporating television reception apparatus; reception apparatus for television, whether or not incorporating radio-broadcast receivers or sound or video recording or reproducing apparatus","4","false","C00","TOTAL CPC","0","0","TOTAL MOT","5","u","47988947","false","5","u","47988947","false","171300323.613","true","0","false","6995666017","6783361498","6995666017","4","false","true",
"C","A","20240101","2024","52","2024","842","USA","USA","X","Export","156","CHN","China","0","W00","World","H6","HS","true","8528","Monitors and projectors, not incorporating television reception apparatus; reception apparatus for television, whether or not incorporating radio-broadcast receivers or sound or video recording or reproducing apparatus","4","false","C00","TOTAL CPC","0","0","TOTAL MOT","5","u","137722","false","5","u","137722","false","493044.707","true","0","false",,"41126201","41126201","4","false","true",
"C","A","20240101","2024","52","2024","842","USA","USA","M","Import","156","CHN","China","0","W00","World","H6","HS","true","8708","Motor vehicles; parts and accessories, of heading no. 8701 to 8705","4","false","C00","TOTAL CPC","0","0","TOTAL MOT","8","kg","1009857164.109","true","-1","N/A","0","false","1009857164.109","true","0","false","10112546652","9394041226","10112546652","6","false","true",
"C","A","20240101","2024","52","2024","842","USA","USA","X","Export","156","CHN","China","0","W00","World","H6","HS","true","8708","Motor vehicles; parts and accessories, of heading no. 8701 to 8705","4","false","C00","TOTAL CPC","0","0","TOTAL MOT","8","kg","83764810.827","true","-1","N/A","0","false","83764810.827","true","0","false",,"1295749403","1295749403","6","false","true",
"C","A","20240101","2024","52","2024","842","USA","USA","M","Import","156","CHN","China","0","W00","World","H6","HS","true","9018","Instruments and appliances used in medical, surgical, dental or veterinary sciences, including scintigraphic apparatus, other electro-medical apparatus and sight testing instruments","4","false","C00","TOTAL CPC","0","0","TOTAL MOT","-1","N/A","0","true","-1","N/A","0","false","14531827.851","true","0","false","2392111652","2306250603","2392111652","6","false","true",
"C","A","20240101","2024","52","2024","842","USA","USA","X","Export","156","CHN","China","0","W00","World","H6","HS","true","9018","Instruments and appliances used in medical, surgical, dental or veterinary sciences, including scintigraphic apparatus, other electro-medical apparatus and sight testing instruments","4","false","C00","TOTAL CPC","0","0","TOTAL MOT","-1","N/A","0","true","-1","N/A","0","false","16862731.557","true","0","false",,"3460390445","3460390445","6","false","true",
"C","A","20250101","2025","52","2025","842","USA","USA","M","Import","156","CHN","China","0","W00","World","H6","HS","true","2709","Petroleum oils and oils obtained from bituminous minerals; crude","4","false","C00","TOTAL CPC","0","0","TOTAL MOT","8","kg","55332","false","7","l","55332","false","55332","false","0","false","31920","25920","31920","0","false","true",
"C","A","20250101","2025","52","2025","842","USA","USA","X","Export","156","CHN","China","0","W00","World","H6","HS","true","2709","Petroleum oils and oils obtained from bituminous minerals; crude","4","false","C00","TOTAL CPC","0","0","TOTAL MOT","8","kg","1322997660","false","7","l","1322997660","false","1322997660","false","0","false",,"626855615","626855615","0","false","true",
"C","A","20250101","2025","52","2025","842","USA","USA","M","Import","156","CHN","China","0","W00","World","H6","HS","true","2711","Petroleum gases and other gaseous hydrocarbons","4","false","C00","TOTAL CPC","0","0","TOTAL MOT","8","kg","3662654.138","true","-1","N/A","0","false","3662654.138","true","0","false","2633745","2228535","2633745","6","false","true",
"C","A","20250101","2025","52","2025","842","USA","USA","X","Export","156","CHN","China","0","W00","World","H6","HS","true","2711","Petroleum gases and other gaseous hydrocarbons","4","false","C00","TOTAL CPC","0","0","TOTAL MOT","8","kg","5070330609.404","true","-1","N/A","0","false","5070330609.404","true","0","false",,"3389916779","3389916779","6","false","true",
"C","A","20250101","2025","52","2025","842","USA","USA","M","Import","156","CHN","China","0","W00","World","H6","HS","true","2805","Alkali or alkaline-earth metals; rare-earth metals, scandium and yttrium, whether or not intermixed or interalloyed; mercury","4","false","C00","TOTAL CPC","0","0","TOTAL MOT","8","kg","7560585","false","8","kg","7560585","false","7560585","false","0","false","37417514","35827362","37417514","0","false","true",
"C","A","20250101","2025","52","2025","842","USA","USA","X","Export","156","CHN","China","0","W00","World","H6","HS","true","2805","Alkali or alkaline-earth metals; rare-earth metals, scandium and yttrium, whether or not intermixed or interalloyed; mercury","4","false","C00","TOTAL CPC","0","0","TOTAL MOT","8","kg","146542.662","true","-1","N/A","0","false","146542.662","true","0","false",,"4959449","4959449","6","false","true",
"C","A","20250101","2025","52","2025","842","USA","USA","M","Import","156","CHN","China","0","W00","World","H6","HS","true","2846","Compounds, inorganic or organic, of rare-earth metals; of yttrium or of scandium or of mixtures of these metals","4","false","C00","TOTAL CPC","0","0","TOTAL MOT","8","kg","12059507","false","8","kg","12059507","false","12059507","false","0","false","109164756","106504761","109164756","0","false","true",
"C","A","20250101","2025","52","2025","842","USA","USA","X","Export","156","CHN","China","0","W00","World","H6","HS","true","2846","Compounds, inorganic or organic, of rare-earth metals; of yttrium or of scandium or of mixtures of these metals","4","false","C00","TOTAL CPC","0","0","TOTAL MOT","8","kg","1218142.808","true","-1","N/A","0","false","1218142.808","true","0","false",,"68467737","68467737","6","false","true",
"C","A","20250101","2025","52","2025","842","USA","USA","M","Import","156","CHN","China","0","W00","World","H6","HS","true","8505","Electro-magnets; permanent magnets, intended permanent magnets; electro-magnetic, permanent magnet chucks, clamps, similar; electromagnetic couplings, clutches, brakes; electro-magnetic lifting heads","4","false","C00","TOTAL CPC","0","0","TOTAL MOT","8","kg","18478317.475","true","-1","N/A","0","false","18478317.475","true","0","false","450711304","432670409","450711304","6","false","true",
"C","A","20250101","2025","52","2025","842","USA","USA","X","Export","156","CHN","China","0","W00","World","H6","HS","true","8505","Electro-magnets; permanent magnets, intended permanent magnets; electro-magnetic, permanent magnet chucks, clamps, similar; electromagnetic couplings, clutches, brakes; electro-magnetic lifting heads","4","false","C00","TOTAL CPC","0","0","TOTAL MOT","8","kg","1349134.449","true","-1","N/A","0","false","1349134.449","true","0","false",,"70615141","70615141","6","false","true",
"C","A","20250101","2025","52","2025","842","USA","USA","M","Import","156","CHN","China","0","W00","World","H6","HS","true","8507","Electric accumulators, including separators therefor; whether or not rectangular (including square)","4","false","C00","TOTAL CPC","0","0","TOTAL MOT","-1","N/A","0","false","-1","N/A","0","false","271691423.39","true","0","false","12975703035","12737151932","12975703035","4","false","true",
"C","A","20250101","2025","52","2025","842","USA","USA","X","Export","156","CHN","China","0","W00","World","H6","HS","true","8507","Electric accumulators, including separators therefor; whether or not rectangular (including square)","4","false","C00","TOTAL CPC","0","0","TOTAL MOT","-1","N/A","0","true","-1","N/A","0","false","2025780.147","true","0","false",,"57911962","57911962","6","false","true",
"C","A","20250101","2025","52","2025","842","USA","USA","M","Import","156","CHN","China","0","W00","World","H6","HS","true","8518","Microphones and their stands; loudspeakers, mounted or not in their enclosures; headphones and earphones, combined or not with a microphone, and sets of a microphone and one or more loudspeakers; audio-frequency and electric sound amplifiers and sets","4","false","C00","TOTAL CPC","0","0","TOTAL MOT","-1","N/A","0","true","-1","N/A","0","false","52661715.476","true","0","false","2836485800","2737005144","2836485800","6","false","true",
"C","A","20250101","2025","52","2025","842","USA","USA","X","Export","156","CHN","China","0","W00","World","H6","HS","true","8518","Microphones and their stands; loudspeakers, mounted or not in their enclosures; headphones and earphones, combined or not with a microphone, and sets of a microphone and one or more loudspeakers; audio-frequency and electric sound amplifiers and sets","4","false","C00","TOTAL CPC","0","0","TOTAL MOT","-1","N/A","0","true","-1","N/A","0","false","1540961.723","true","0","false",,"90229790","90229790","6","false","true",
"C","A","20250101","2025","52","2025","842","USA","USA","M","Import","156","CHN","China","0","W00","World","H6","HS","true","8528","Monitors and projectors, not incorporating television reception apparatus; reception apparatus for television, whether or not incorporating radio-broadcast receivers or sound or video recording or reproducing apparatus","4","false","C00","TOTAL CPC","0","0","TOTAL MOT","5","u","24022373","false","5","u","24022373","false","81622807.312","true","0","false","3432997789","3316576220","3432997789","4","false","true",
"C","A","20250101","2025","52","2025","842","USA","USA","X","Export","156","CHN","China","0","W00","World","H6","HS","true","8528","Monitors and projectors, not incorporating television reception apparatus; reception apparatus for television, whether or not incorporating radio-broadcast receivers or sound or video recording or reproducing apparatus","4","false","C00","TOTAL CPC","0","0","TOTAL MOT","5","u","127211.863","true","-1","N/A","0","false","582323.112","true","0","false",,"43029739","43029739","6","false","true",
"C","A","20250101","2025","52","2025","842","USA","USA","M","Import","156","CHN","China","0","W00","World","H6","HS","true","8708","Motor vehicles; parts and accessories, of heading no. 8701 to 8705","4","false","C00","TOTAL CPC","0","0","TOTAL MOT","8","kg","874678269.732","true","-1","N/A","0","false","874678269.732","true","0","false","8806924303","8094965694","8806924303","6","false","true",
"C","A","20250101","2025","52","2025","842","USA","USA","X","Export","156","CHN","China","0","W00","World","H6","HS","true","8708","Motor vehicles; parts and accessories, of heading no. 8701 to 8705","4","false","C00","TOTAL CPC","0","0","TOTAL MOT","8","kg","44112035.529","true","-1","N/A","0","false","44112035.529","true","0","false",,"684421101","684421101","6","false","true",
"C","A","20250101","2025","52","2025","842","USA","USA","M","Import","156","CHN","China","0","W00","World","H6","HS","true","9018","Instruments and appliances used in medical, surgical, dental or veterinary sciences, including scintigraphic apparatus, other electro-medical apparatus and sight testing instruments","4","false","C00","TOTAL CPC","0","0","TOTAL MOT","-1","N/A","0","true","-1","N/A","0","false","13805748.309","true","0","false","2382148920","2295415191","2382148920","6","false","true",
"C","A","20250101","2025","52","2025","842","USA","USA","X","Export","156","CHN","China","0","W00","World","H6","HS","true","9018","Instruments and appliances used in medical, surgical, dental or veterinary sciences, including scintigraphic apparatus, other electro-medical apparatus and sight testing instruments","4","false","C00","TOTAL CPC","0","0","TOTAL MOT","-1","N/A","0","true","-1","N/A","0","false","16433806.458","true","0","false",,"3468876779","3468876779","6","false","true",
